"LABEL","STOPNUMBER","SHELTERTYPE","SERVICEDAYS","TRANSFERPOINT","BENCH","GARBAGECAN","SHELTER","LATITUDE","LONGITUDE","geometry.x","geometry.y"
"Station Tower",,,"Daily","No","No","NO","No",46.51103779,-84.33493413,704450.3499999996,5154280.789999999
"B.S.",,"New Dome Shelter","Daily","No","Yes","YES","Yes",46.50809445,-84.33107464,704757.4800000004,5153963.76
"Bay Tower",,,"Daily","No","Yes","NO","No",46.50812532,-84.33143706,704729.5600000005,5153966.25
"Lyons Tim-Br Mart",,,"Daily","No","No","NO","No",46.51797172,-84.28811124,708015.75,5155173.59
,,,"Daily","No","No","NO","No",46.53711517,-84.2404705,711595.4900000002,5157427.32
"Civic # 418",,,"Daily","No","No","NO","No",46.52584811,-84.33827742,704138.3699999992,5155917.720000001
"Beside Civic # 5",,,"Daily","No","No","NO","No",46.53859205,-84.32954926,704759.8100000005,5157356.33
"B.S.",,"New Dome Shelter","Daily","Yes","Yes","YES","Yes",46.53807721,-84.32861161,704833.6400000006,5157301.5600000005
"Phatboy Fireworks",,,"Daily","No","No","NO","No",46.53830214,-84.32097135,705418.5999999996,5157346.42
"Across from Civic # 466",,,"Daily","No","No","NO","No",46.51490561,-84.30755116,706536.2899999991,5154781.85
,,"New Double Dome Shelter","Daily","No","Yes","YES","Yes",46.50188011,-84.28864446,708036.2799999993,5153384.24
,,"Bus Terminal","Daily","No","Yes","NO","Yes",46.51557773,-84.33782511,704211.5600000005,5154777.74
"Railroad Tracks",,,"Daily","No","No","NO","No",46.50980467,-84.31928045,705655.8300000001,5154184.449999999
"Royal Cdn. Legion",,,"Daily","No","No","YES","No",46.52832324,-84.31927686,705586.1999999993,5156242.07
"OPSEU",,,"Daily","No","No","YES","No",46.53035719,-84.31927035,705579.0199999996,5156468.08
"B.S.",,"New Dome Shelter","Daily","No","Yes","YES","Yes",46.52169877,-84.31434628,705989.3699999992,5155518.880000001
"South of Amber St",,,"Daily","No","No","NO","No",46.51327107,-84.25494733,710577.6600000001,5154739.26
,,,"Daily","No","No","NO","No",46.51988118,-84.2499461,710935.6999999993,5155487.07
"Civic # 973",,,"Daily","No","No","NO","No",46.54518689,-84.35098974,703091.2899999991,5158033.66
"Across from Murton Ave.",,,"Daily","No","No","NO","No",46.5447052,-84.36673047,701886.3300000001,5157939.73
,,,"Weekdays","No","No","NO","No",46.54057145,-84.32947354,704758.1699999999,5157576.460000001
"Civic # 1579",,,"Daily","No","No","NO","No",46.4988412,-84.28502953,708325.25,5153056.119999999
,,,"Daily","No","No","NO","No",46.51384305,-84.33987747,704060.6300000008,5154579.6899999995
"Armstrong Audiology",,,"Daily","No","No","NO","No",46.51565608,-84.33271604,704603.1600000001,5154799.68
"Civic # 183",,,"Daily","No","No","NO","No",46.5166365,-84.3353881,704394.5199999996,5154901.6899999995
"Civic # 601",,,"Daily","No","No","NO","No",46.53121847,-84.37601906,701224.0700000003,5156417.470000001
"Civic # 1298",,,"Daily","No","No","NO","No",46.50330283,-84.29788669,707321.7599999998,5153518
"Across from Civic # 1298",,,"Daily","No","No","NO","No",46.50315588,-84.2980058,707313.1799999997,5153501.359999999
"Golf Course Parking Lot",,,"Daily","No","No","NO","No",46.4969501,-84.2741052,709170.7200000007,5152874.890000001
"Civic # 224",,,"Daily","No","No","NO","No",46.52299731,-84.25512965,710526.0800000001,5155819.460000001
,,,"Daily","No","No","NO","No",46.52952261,-84.25781769,710294.7200000007,5156537.32
"B.S.",,"New Dome Shelter","Daily","No","Yes","NO","Yes",46.51432499,-84.33652987,704315.6099999994,5154641.9
,,,"Daily","No","No","NO","No",46.52593601,-84.2659595,709684.1699999999,5156117.140000001
"TD Canada Trust",,,"Daily","No","No","NO","No",46.51568655,-84.28614457,708175.3300000001,5154924.869999999
"Steelton Shoes",,,"Daily","No","No","NO","No",46.52393962,-84.34352182,703743.3100000005,5155692.109999999
"Civic # 280",,,"Daily","No","No","NO","No",46.53241879,-84.34836687,703340.0600000005,5156621.74
"Car Wash",,,"Daily","No","No","NO","No",46.53230997,-84.34854483,703326.8200000003,5156609.1899999995
"Across from Civic # 636",,,"Daily","No","No","NO","No",46.54172467,-84.36919674,701708.3000000007,5157602.25
"Civic # 122",,,"Daily","No","No","NO","No",46.50422029,-84.29525718,707520.0099999998,5153626.85
,,"Old Shelter","Daily","No","Yes","YES","Yes",46.51559828,-84.34233603,703865.4700000007,5154768.359999999
,,,"Weekdays","No","No","NO","No",46.5077971,-84.331206,704748.5199999996,5153930.380000001
,,,"Weekdays","No","No","NO","No",46.50707139,-84.33088829,704775.6199999992,5153850.57
"Lennox Park",,,"Daily","No","No","NO","No",46.53768171,-84.34780362,703363.5899999999,5157207.960000001
,,,"Weekdays","No","No","NO","No",46.53568488,-84.31667902,705757.5999999996,5157066.800000001
,,,"Weekdays","No","No","NO","No",46.52516041,-84.31775964,705714.5,5155894.6
,,,"Weekdays","No","No","NO","No",46.52310809,-84.30777727,706487.8499999996,5155692.640000001
"Civic # 366",,,"Daily","No","No","YES","No",46.52521197,-84.3433175,703754.2200000007,5155834.01
,,,"Daily","No","No","NO","No",46.55184847,-84.3119187,706061.4000000004,5158875.18
"B.S.",,"New Half Shelter","Daily","No","Yes","YES","Yes",46.50559367,-84.31913972,705682.5199999996,5153716.93
"Shogun Sushi",,,"Daily","No","No","YES","No",46.53555584,-84.31866289,705605.9700000007,5157047.289999999
"Home Hardware",,,"Daily","No","No","YES","No",46.53851914,-84.32097945,705417.1600000001,5157370.51
"Gateview Realty",,,"Daily","No","No","NO","No",46.53839304,-84.32478736,705125.6699999999,5157346.59
"Civic # 496",,,"Daily","No","No","NO","No",46.53720954,-84.37488034,701289.2400000002,5157086.050000001
"ReStore",,,"Daily","No","No","NO","No",46.53824512,-84.33446653,704384.0899999999,5157305.029999999
"Étienne Brûlé School",,,"Daily","No","No","NO","No",46.51819715,-84.34533862,703625.4399999995,5155049.369999999
"Civic # 620",,,"Daily","No","No","NO","No",46.51949317,-84.35695208,702729.8399999999,5155163.470000001
,,,"Daily","No","No","NO","No",46.51982041,-84.35934273,702545.2599999998,5155193.6899999995
"Across from Civic # 684",,,"Daily","No","No","NO","No",46.52084873,-84.35864071,702595.2799999993,5155309.75
"Across from Civic # 588",,,"Daily","No","No","NO","No",46.5205062,-84.35582299,702812.6699999999,5155278.93
"Civic # 165",,,"Daily","No","No","NO","No",46.51949509,-84.34471317,703668.5600000005,5155195.199999999
"Civic # 472",,,"Daily","No","No","NO","No",46.52821185,-84.34270562,703789.9199999999,5156168.91
"Civic # 520",,,"Daily","No","No","NO","No",46.52950043,-84.34241323,703807.5199999996,5156312.84
"Civic # 549",,,"Daily","No","No","NO","No",46.53032825,-84.34238247,703806.7799999993,5156404.9
"Across from Civic # 145",,,"Daily","No","No","NO","No",46.531773,-84.34264084,703781.5600000005,5156564.76
"Civic # 145",,,"Daily","No","No","NO","No",46.5316744,-84.34276236,703772.6099999994,5156553.49
"Beside Civic # 594",,,"Daily","No","No","NO","No",46.53197347,-84.34553223,703559.0899999999,5156579.57
"Civic # 54",,,"Daily","No","No","NO","No",46.53397435,-84.3533841,702949.5299999993,5156781.66
"Civic # 139",,,"Daily","No","No","NO","No",46.53374292,-84.35747098,702637.0099999998,5156745.4399999995
"Civic # 166",,,"Daily","No","No","NO","No",46.53383491,-84.3591148,702510.6199999992,5156751.4399999995
"Civic # 439",,,"Daily","No","No","NO","No",46.53145637,-84.36757709,701870.5500000007,5156465.470000001
"Civic # 490",,,"Daily","No","No","NO","No",46.53152253,-84.36965374,701711.0600000005,5156467.51
"Across from Civic # 161",,,"Daily","No","No","NO","No",46.53137463,-84.38960116,700181.9700000007,5156400.27
"Civic # 906",,,"Daily","No","No","NO","No",46.52954357,-84.39086986,700091.4100000001,5156193.6
,,,"Daily","No","No","NO","No",46.53159195,-84.40544387,698966.3000000007,5156384.34
,,,"Daily","No","No","NO","No",46.53626862,-84.40849955,698714.9100000001,5156896.27
"B.S.",,"Old Shelter","Daily","No","Yes","NO","Yes",46.52070318,-84.35597327,702800.4100000001,5155300.43
"Lou's Automotive",,,"Daily","No","No","YES","No",46.51423913,-84.33414044,704499.2200000007,5154638.550000001
"B.S.",,"New Dome Shelter","Daily","No","Yes","YES","Yes",46.50935057,-84.29886034,707224.0600000005,5154187.41
"B.S.",,"New Dome Shelter","Daily","No","Yes","YES","Yes",46.50950732,-84.29645301,707408.1400000006,5154211.15
"Civic # 1572",,,"Daily","No","No","NO","No",46.50953703,-84.29101394,707825.2799999993,5154228.76
"Emmaus Anglican Church",,,"Daily","No","No","NO","No",46.50939436,-84.28635762,708183.0299999993,5154225.18
"B.S.",,"Old Shelter","Daily","No","Yes","YES","Yes",46.50959372,-84.28398997,708363.9000000004,5154253.58
"Civic # 48",,,"Daily","No","No","NO","No",46.51005133,-84.28058143,708623.6300000008,5154313.43
"Across from Par Ave.",,,"Daily","No","No","NO","No",46.51017085,-84.27352804,709164.2599999998,5154345.380000001
"Civic # 424",,,"Daily","No","No","NO","No",46.51509036,-84.27073679,709359.4800000004,5154899.390000001
,,,"Daily","No","No","NO","No",46.5251766,-84.27599112,708917.75,5156006.15
,,,"Daily","No","No","NO","No",46.52970064,-84.27549199,708938.6699999999,5156510.140000001
"B.S.",,"New Dome Shelter","Daily","Yes","Yes","YES","Yes",46.52627284,-84.26227681,709965.3000000007,5156164.359999999
"B.S.",,"New Dome Shelter","Daily","No","Yes","YES","Yes",46.52363456,-84.25685608,710391.2100000009,5155885.66
"Civic # 364",,,"Daily","No","No","NO","No",46.52017548,-84.26018445,710149.2899999991,5155492.449999999
"B.S.",,"Old Shelter","Daily","No","No","YES","Yes",46.51894167,-84.26145433,710056.6500000004,5155351.98
"Civic # 278",,,"Daily","No","No","NO","No",46.51756793,-84.26283417,709956.1099999994,5155195.67
"Civic # 220",,,"Daily","No","No","YES","No",46.51595484,-84.26447302,709836.6199999992,5155012.08
"Civic # 114",,,"Daily","No","No","NO","No",46.51294221,-84.26753438,709613.3900000006,5154669.210000001
"B.S.",,"New Dome Shelter","Daily","No","Yes","YES","Yes",46.50550125,-84.31738331,705817.6199999992,5153711.24
"B.S.",,"Casino Shelter","Daily","No","Yes","YES","Yes",46.51790253,-84.34256714,703839.1199999992,5155023.789999999
,,,"Daily","No","No","NO","No",46.54865672,-84.31824174,705588.7699999996,5158504.039999999
"B.S.",,"New Dome Shelter","Daily","No","Yes","YES","Yes",46.51336746,-84.33804001,704203.3599999994,5154531.6
,,,"Daily","No","No","NO","No",46.52953393,-84.2705187,709320.6899999995,5156504.800000001
"B.S.",,"New Dome Shelter","Daily","No","Yes","YES","Yes",46.50945931,-84.31595035,705912.5999999996,5154154.76
"Civic # 571",,,"Daily","No","No","NO","No",46.51548168,-84.29483758,707509.3100000005,5154879.210000001
"Across from B.S.",,,"Daily","No","No","NO","No",46.53121421,-84.38075456,700860.9499999993,5156404.93
"Civic # 4",,,"Daily","No","No","NO","No",46.51074593,-84.30684671,706606.0999999996,5154321.51
"Bruce St. Storage",,,"Daily","No","No","NO","No",46.51565874,-84.33237109,704629.6099999994,5154800.869999999
"Across from Civic # 1469-A",,,"Daily","No","No","NO","No",46.50074322,-84.29022318,707919.4900000002,5153253.76
"B.S.",,"New Dome Shelter","Daily","No","Yes","YES","Yes",46.50766006,-84.25927543,710267.3100000005,5154104.279999999
,,,"Daily","No","No","NO","No",46.52480818,-84.2451473,711284.6500000004,5156047.35
,,,"Daily","No","No","NO","No",46.52189519,-84.24158236,711569.3699999992,5155733.24
,,,"Daily","No","No","NO","No",46.52065836,-84.24378925,711404.9100000001,5155589.9
"Across from Civic # 397",,,"Daily","Yes","No","NO","No",46.52636597,-84.26210666,709977.9900000002,5156175.16
,,,"Daily","No","No","NO","No",46.52505178,-84.25938013,710192.1600000001,5156036.4
"John Street Park",,,"Daily","No","No","NO","No",46.52126019,-84.34421394,703700.25,5155392.609999999
,,,"Daily","No","No","NO","No",46.54324532,-84.38767325,700286.1300000008,5157724.130000001
"Across from Northland Rd.",,,"Daily","No","No","NO","No",46.53212928,-84.34578493,703539.1300000008,5156596.23
"Flying J Truck Stop",,,"Daily","No","No","NO","No",46.55680785,-84.31976171,705441.4700000007,5159405.76
"Civic # 278",,,"Daily","No","No","NO","No",46.53753239,-84.36412187,702112.9499999993,5157149.43
"Civic # 604",,,"Daily","No","No","NO","No",46.53707333,-84.38014335,700886.1999999993,5157057.5
,,,"Daily","No","No","NO","No",46.54516958,-84.3827502,700656.4700000007,5157950.449999999
,,,"Daily","No","No","NO","No",46.5450733,-84.38663747,700358.8100000005,5157929.869999999
,,,"Daily","No","No","NO","No",46.54221873,-84.38837612,700236.0199999996,5157608.279999999
"Civic # 531",,,"Daily","No","No","NO","No",46.53702162,-84.37660142,701157.9700000007,5157060.779999999
,,,"Daily","No","No","NO","No",46.53710335,-84.37356066,701390.8200000003,5157077.619999999
"Pet Valu",,,"Daily","No","No","NO","No",46.53749824,-84.35669932,702682.1999999993,5157164.68
"Civic # 67",,,"Daily","No","No","NO","No",46.53757453,-84.35376883,702906.6099999994,5157180.6899999995
"Civic # 1737",,,"Daily","No","No","NO","No",46.49684173,-84.27706493,708944.0299999993,5152855.01
,,,"Daily","No","No","NO","No",46.512348,-84.25564735,710527.5299999993,5154634.83
"B.S.",,"New Dome Shelter","Daily","No","Yes","YES","Yes",46.52168575,-84.30788565,706484.9299999997,5155534.32
"Community of Christ",,,"Daily","No","No","NO","No",46.52174831,-84.29854749,707200.9000000004,5155565.75
"Across from Civic # 508",,,"Daily","No","No","NO","No",46.51812896,-84.29557962,707442.3100000005,5155171.4
"Howard Johnson",,,"Daily","No","No","NO","No",46.51884429,-84.28044494,708600.4299999997,5155290.779999999
"B.S.",,"New Dome Shelter","Daily","No","Yes","YES","Yes",46.51012206,-84.27759419,708852.5199999996,5154329.1899999995
"Civic # 390",,,"Daily","No","No","NO","No",46.52189017,-84.30857453,706431.3200000003,5155555.23
"B.S.",,"New Dome Shelter","Daily","No","Yes","YES","Yes",46.52134144,-84.31955168,705591.4800000004,5155465.6
"Across from Civic # 340",,,"Daily","No","No","NO","No",46.51954062,-84.32661905,705056.2100000009,5155247.119999999
,,,"Daily","No","No","NO","No",46.51741097,-84.32996621,704807.4900000002,5155001.800000001
"Civic # 91",,,"Daily","No","No","NO","No",46.54137923,-84.32969046,704738.5,5157665.65
"Across from Churchill Ave.",,,"Daily","No","No","NO","No",46.53962004,-84.35041552,703156.0899999999,5157416.6
"Civic # 1086",,,"Daily","No","No","NO","No",46.54872956,-84.35102521,703075.3499999996,5158427.199999999
"Gino's Restaurant",,,"Daily","No","No","NO","No",46.55954598,-84.32001012,705412.0899999999,5159709.35
,,,"Daily","No","No","NO","No",46.56168831,-84.32020492,705389.0700000003,5159946.880000001
"Civic # 1345",,,"Daily","No","No","NO","No",46.55766296,-84.35174434,702986.8900000006,5159417.949999999
"Civic # 128",,,"Daily","No","No","NO","No",46.53771543,-84.35689092,702666.6999999993,5157188.32
"Civic # 124",,,"Daily","No","No","NO","No",46.52596956,-84.3152427,705904.4700000007,5155991.07
"Circle K",,,"Daily","No","No","NO","No",46.52145843,-84.30755398,706511.2300000004,5155509.93
,,,"Daily","No","No","NO","No",46.50407795,-84.30074873,707099.2300000004,5153596.609999999
"Wacky Wings",,,"Daily","No","No","NO","No",46.51327699,-84.29535327,707478.1500000004,5154632.890000001
"B.S.",,"Old Shelter","Daily","No","Yes","YES","Yes",46.50708075,-84.32871193,704942.5500000007,5153857.26
,,,"Weekdays","No","No","NO","No",46.53497869,-84.30364258,706759.8800000008,5157022.42
,,,"Weekdays","No","No","NO","No",46.52377244,-84.31267154,706109.9700000007,5155753.66
"Civic # 101",,,"Weekdays","No","No","NO","No",46.523797,-84.31006921,706309.4600000009,5155763.1899999995
"Across from Civic # 72",,,"Daily","No","No","YES","No",46.55229248,-84.34762138,703322.9700000007,5158831.85
"Across from Civic # 154",,,"Daily","No","No","YES","No",46.55241021,-84.34349021,703639.1999999993,5158855.59
"B.S.",,"Old Shelter","Daily","No","No","NO","Yes",46.53178053,-84.34397167,703679.4800000004,5156562.16
"B.S.",,"New Dome Shelter","Daily","No","Yes","YES","Yes",46.51013256,-84.33100713,704755,5154190.390000001
"Civic # 188",,,"Daily","No","No","NO","No",46.50900669,-84.31944759,705646.0199999996,5154095.35
"Civic # 1236",,,"Daily","No","No","YES","No",46.50948562,-84.30670773,706621.5399999991,5154181.84
"Civic # 1241",,,"Daily","No","No","YES","No",46.5093238,-84.30689875,706607.5,5154163.359999999
"Civic # 1291",,,"Daily","No","No","YES","No",46.50932831,-84.30391369,706836.4800000004,5154171.68
"B.S.",,"New Half Shelter","Daily","No","Yes","YES","Yes",46.5027188,-84.26407847,709917.8699999992,5153542.470000001
"Across from Civic # 21",,,"Daily","No","No","NO","No",46.51037205,-84.27014383,709423.0999999996,5154376.710000001
"Across from Civic # 426",,,"Daily","No","No","NO","No",46.52009777,-84.32134667,705458.5,5155322.74
"Collegiate Heights",,,"Weekdays","No","No","NO","No",46.5154219,-84.32508637,705189.2799999993,5154793.470000001
,,,"Weekdays","No","No","NO","No",46.52594588,-84.31700196,705769.6400000006,5155983.85
,,"New Dome Shelter","Daily","Yes","Yes","NO","Yes",46.54886144,-84.31200613,706066.0099999998,5158543.0600000005
,,,"Weekdays","No","No","NO","No",46.53496938,-84.32220959,705336.2300000004,5156972.890000001
,,,"Weekdays","No","No","NO","No",46.53937505,-84.33624576,704243.4299999997,5157425.970000001
,,,"Weekdays","No","No","NO","No",46.54018957,-84.33550511,704297.1600000001,5157518.390000001
,,"Old Shelter","Daily","No","Yes","YES","Yes",46.53629666,-84.40147235,699253.6300000008,5156917.109999999
"B.S.",,"New Dome Shelter","Daily","No","Yes","NO","Yes",46.5079339,-84.33216206,704674.6600000001,5153943.1
"B.S.",,"New Dome Shelter","Daily","No","Yes","YES","Yes",46.53966738,-84.33474029,704357.7599999998,5157462.35
,,"New Dome Shelter","Daily","No","No","NO","Yes",46.50687853,-84.30259521,706946.9299999997,5153902.9399999995
,,,"Daily","No","No","NO","No",46.53081429,-84.261932,709974.2300000004,5156669.880000001
"Zion Lutheran Church",,,"Daily","No","No","NO","No",46.50931873,-84.31229616,706193.4600000009,5154148.68
"Northern Community Centre",,,"Daily","No","No","NO","No",46.53897698,-84.38187832,700746.1500000004,5157264.6
"Civic # 1059",,,"Daily","No","No","NO","No",46.50932678,-84.31063376,706320.9600000009,5154153.92
"Civic # 1487",,,"Daily","No","No","NO","No",46.50937637,-84.29598515,707444.5299999993,5154197.83
"Beside Civic # 384",,,"Daily","No","No","NO","No",46.50941451,-84.28283393,708453.2699999996,5154236.720000001
"Across from Civic # 48",,,"Daily","No","No","NO","No",46.50986711,-84.2805175,708629.2400000002,5154293.130000001
"PUC Substation",,,"Daily","No","No","NO","No",46.51051523,-84.27076915,709374.5800000001,5154390.960000001
"Civic # 366",,,"Daily","No","No","NO","No",46.51328212,-84.27076168,709364.5199999996,5154698.41
"B.S.",,"Old Shelter","Daily","No","Yes","YES","Yes",46.52363749,-84.27594541,708927.1600000001,5155835.26
,,,"Daily","No","No","NO","No",46.5263815,-84.27532921,708963.8900000006,5156141.779999999
"Civic # 111",,,"Daily","No","No","NO","No",46.51723156,-84.33812237,704182.5600000005,5154960.73
"Across from Civic # 408",,,"Daily","No","No","NO","No",46.51280319,-84.33225058,704649.5800000001,5154483.9
"Civic # 469",,,"Daily","No","No","NO","No",46.51157373,-84.3306023,704780.6400000006,5154351.57
"Civic # 513",,,"Daily","No","No","NO","No",46.51089632,-84.3297093,704851.6899999995,5154278.619999999
"Muio's",,,"Daily","No","No","NO","No",46.50757574,-84.32828007,704973.8200000003,5153913.380000001
"B.S.",,"New Dome Shelter","Daily","No","Yes","YES","Yes",46.50671317,-84.32922723,704904.4000000004,5153815.08
"Civic # 136",,,"Daily","No","No","NO","No",46.50702637,-84.32082398,705547.9000000004,5153871.73
"Across from Civic # 1096",,,"Daily","No","No","NO","No",46.50932953,-84.30911396,706437.5399999991,5154158.199999999
"Civic # 1533",,,"Daily","No","No","NO","No",46.50938601,-84.29357065,707629.7200000007,5154205.25
"Civic # 1565",,,"Daily","No","No","NO","No",46.5093918,-84.29196857,707752.5999999996,5154210.109999999
"Across from Civic # 1596",,,"Daily","No","No","NO","No",46.50939987,-84.2892031,707964.7200000007,5154218.289999999
"West of Heath Rd.",,,"Daily","No","No","NO","No",46.50997043,-84.27696016,708901.7400000002,5154314.02
"Across from Fire Hall",,,"Daily","No","No","NO","No",46.51003365,-84.27287374,709214.9800000004,5154331.869999999
,,,"Daily","No","No","NO","No",46.52720525,-84.27538461,708956.4800000004,5156233.16
,,,"Daily","No","No","NO","No",46.52860326,-84.27544271,708946.6600000001,5156388.34
,,,"Daily","No","No","NO","No",46.53075073,-84.27546409,708936.7799999993,5156626.890000001
,,,"Daily","No","No","NO","No",46.53077918,-84.27330954,709101.8900000006,5156635.76
,,,"Daily","No","No","NO","No",46.53077852,-84.27074763,709298.3499999996,5156642.48
"Across from Civic # 88",,,"Daily","No","No","NO","No",46.52644216,-84.27186914,709229.0099999998,5156157.6899999995
,,,"Daily","No","No","NO","No",46.52522701,-84.27099615,709300.6300000008,5156024.99
,,,"Daily","Yes","No","NO","No",46.52388401,-84.2710143,709304.4000000004,5155875.720000001
"Road House",,,"Daily","No","No","NO","No",46.52347914,-84.26984036,709395.9900000002,5155833.85
"Civic # 329",,,"Daily","No","No","NO","No",46.52483887,-84.25929501,710199.5099999998,5156012.970000001
"Civic # 440",,,"Daily","No","No","NO","No",46.52245559,-84.25786284,710318.5500000007,5155751.98
"Civic # 410",,,"Daily","No","No","NO","No",46.52147134,-84.25886824,710245.2400000002,5155639.9399999995
"Civic # 178",,,"Daily","No","No","NO","No",46.51476862,-84.26567981,709748.6199999992,5154877.07
"Civic # 72",,,"Daily","No","No","NO","No",46.51184453,-84.2686473,709532.2400000002,5154544.289999999
"Civic # 1616",,,"Daily","No","No","NO","No",46.50955121,-84.28739929,708102.5199999996,5154239.859999999
"Civic # 1532",,,"Daily","No","No","NO","No",46.50953142,-84.29369873,707619.3399999999,5154221.07
"Civic # 1294",,,"Daily","No","No","NO","No",46.50950563,-84.3038078,706843.9299999997,5154191.66
"Civic # 1096",,,"Daily","No","No","NO","No",46.50947043,-84.3091083,706437.4399999995,5154173.869999999
"Civic # 1052",,,"Daily","No","No","NO","No",46.50946512,-84.31110454,706284.3200000003,5154168.0600000005
"Civic # 125",,,"Daily","No","No","NO","No",46.50720727,-84.32267907,705404.9000000004,5153887
"Precious Blood Cathedral",,,"Daily","No","No","NO","No",46.50718218,-84.32605594,705145.9299999997,5153875.43
"B.S.",,"New Dome Shelter","Daily","No","Yes","NO","Yes",46.50795017,-84.3281195,704984.7300000004,5153955.4
"Roberta Bondar Place",,,"Daily","No","No","NO","No",46.50907347,-84.33527893,704431.2699999996,5154061.640000001
"Station Tower - South Entrance",,,"Daily","No","No","NO","No",46.51005643,-84.33606565,704367.2300000004,5154168.82
,,,"Daily","No","No","NO","No",46.51464072,-84.34108416,703965.0800000001,5154665.199999999
"Civic # 60",,,"Daily","No","No","NO","No",46.51440997,-84.33866776,704151.3000000007,5154645.8100000005
"International Bridge Plaza",,,"Daily","No","No","NO","No",46.51851811,-84.34829045,703397.8300000001,5155077.42
"Across from Verdi Hall",,,"Daily","No","No","NO","No",46.51898361,-84.35238717,703081.8699999992,5155118.59
"B.S.",,"Old Shelter","Daily","No","No","YES","Yes",46.51987202,-84.35913032,702561.3599999994,5155199.970000001
"Across from Civic # 165",,,"Daily","No","No","NO","No",46.51969255,-84.34450354,703683.9000000004,5155217.68
"Civic # 432",,,"Daily","No","No","NO","No",46.52707349,-84.34293225,703776.8000000007,5156041.84
"Civic # 568",,,"Daily","No","No","NO","No",46.53072262,-84.34213788,703824.0600000005,5156449.35
"Civic # 4",,,"Daily","No","No","NO","No",46.53404433,-84.35055792,703165.9800000004,5156796.710000001
"Civic # 284",,,"Daily","No","No","NO","No",46.53254681,-84.36089881,702378.6099999994,5156603.74
"Civic # 328",,,"Daily","No","No","YES","No",46.53182858,-84.36309682,702212.7300000004,5156518.300000001
"Across from Civic # 391",,,"Daily","No","No","NO","No",46.53163073,-84.36565233,702017.5,5156489.77
"Civic # 442",,,"Daily","No","No","YES","No",46.53157532,-84.36773617,701857.9100000001,5156478.279999999
"Civic # 530",,,"Daily","No","No","NO","No",46.53144649,-84.37261269,701484.4399999995,5156451.5
"Across from Civic # 611",,,"Daily","No","No","NO","No",46.53130809,-84.37738323,701119.1300000008,5156423.949999999
"East side of creek",,,"Daily","No","No","YES","No",46.53154993,-84.38228399,700742.4299999997,5156438.34
,,,"Daily","No","No","NO","No",46.53149675,-84.38475736,700552.9600000009,5156426.140000001
"Beside Civic # 79",,,"Daily","No","No","NO","No",46.52942149,-84.39529227,699752.7200000007,5156168.83
"Across from Civic # 223",,,"Daily","No","No","NO","No",46.52953458,-84.40243717,699204.3900000006,5156163.33
,,,"Daily","No","No","NO","No",46.53058096,-84.40312821,699147.5700000003,5156277.85
,,,"Daily","No","No","NO","No",46.53073511,-84.4049979,699003.6300000008,5156290.26
"Beside Civic # 334",,,"Daily","No","No","NO","No",46.53146345,-84.41105771,698536.2799999993,5156355.92
,,,"Daily","No","No","NO","No",46.53287759,-84.41160496,698489.1600000001,5156511.67
,,,"Daily","No","No","NO","No",46.53468979,-84.41169108,698475.9499999993,5156712.8100000005
,,,"Daily","No","No","NO","No",46.53594785,-84.41177616,698464.8399999999,5156852.380000001
,,,"Daily","No","No","NO","No",46.53637274,-84.40340634,699105.0600000005,5156920.68
,,,"Daily","No","No","NO","No",46.53650533,-84.39825762,699499.3599999994,5156948.42
,,,"Daily","No","No","NO","No",46.5365802,-84.39489812,699756.6799999997,5156965.24
,,,"Daily","No","No","YES","No",46.53670463,-84.39030781,700108.1899999995,5156990.699999999
,,,"Daily","No","No","NO","No",46.53674569,-84.38789309,700293.1899999995,5157001.390000001
"B.S.",,"New Dome Shelter","Daily","No","Yes","YES","Yes",46.53677824,-84.38502609,700512.9000000004,5157012.289999999
"Civic # 293-A",,,"Daily","No","No","NO","No",46.53085456,-84.3816654,700792.4299999997,5156362.65
"Civic # 193",,,"Daily","No","No","NO","No",46.52795533,-84.38147438,700817.7699999996,5156041
"Civic # 131",,,"Daily","No","No","NO","No",46.52604539,-84.38137011,700832.8100000005,5155829.050000001
"Civic # 75",,,"Daily","No","No","NO","No",46.52434462,-84.38126999,700846.7599999998,5155640.33
"Civic # 284",,,"Daily","No","No","NO","No",46.53040091,-84.38141571,700813.25,5156312.880000001
"B.S.",,"New Flat Top Shelter","Daily","No","No","YES","Yes",46.53105942,-84.38083725,700855.1799999997,5156387.52
"Civic # 485",,,"Daily","No","No","NO","No",46.53139951,-84.36945456,701726.7899999991,5156454.35
"Civic # 331",,,"Daily","No","No","YES","No",46.53161248,-84.36335388,702193.8200000003,5156493.630000001
"Across from Civic # 373",,,"Daily","No","No","YES","No",46.53337727,-84.360565,702401.1199999992,5156696.869999999
"Civic # 175",,,"Daily","No","No","NO","No",46.53369292,-84.35958765,702474.8900000006,5156734.449999999
"Civic # 107",,,"Daily","No","No","NO","No",46.53378559,-84.35581346,702763.9499999993,5156754.4399999995
"Civic # 43",,,"Daily","No","No","NO","No",46.53386266,-84.35269626,703002.6899999995,5156771.02
"Beside Civic # 645",,,"Daily","No","No","NO","No",46.53391893,-84.35046738,703173.3900000006,5156783.01
"Civic # 509",,,"Daily","No","No","NO","No",46.52902507,-84.34268523,703788.4399999995,5156259.32
"Civic # 431",,,"Daily","No","No","NO","No",46.52701882,-84.34310887,703763.4600000009,5156035.3100000005
"B.S.",,"New Dome Shelter","Daily","No","Yes","YES","Yes",46.52479512,-84.34361713,703732.8000000007,5155786.92
"Civic # 315",,,"Daily","No","No","NO","No",46.52376901,-84.34373642,703727.4900000002,5155672.6
"Civic # 227",,,"Daily","No","No","YES","No",46.52137842,-84.34440231,703685.3599999994,5155405.26
,,,"Daily","No","No","NO","No",46.51978223,-84.34802552,703413.4299999997,5155218.5600000005
"Civic # 382",,,"Daily","No","No","NO","No",46.51999625,-84.34995814,703264.4000000004,5155237.359999999
"Marconi Club",,,"Daily","No","No","NO","No",46.5201713,-84.35149957,703145.5199999996,5155252.84
"Civic # 686",,,"Daily","No","No","NO","No",46.52097395,-84.35864989,702594.1099999994,5155323.640000001
"Civic # 581",,,"Daily","No","No","NO","No",46.51927155,-84.35604733,702800.0600000005,5155141.17
,,,"Daily","No","No","NO","No",46.51877311,-84.35179702,703127.9199999999,5155096.720000001
"Across from International Bridge Plaza",,,"Daily","No","No","NO","No",46.51847516,-84.34923633,703325.4399999995,5155070.210000001
"B.S.",,"New Dome Shelter","Daily","No","Yes","YES","Yes",46.51777687,-84.3481431,703411.9000000004,5154995.4399999995
"B.S.",,"Casino Shelter","Daily","No","Yes","NO","Yes",46.51646528,-84.34283268,703824.1300000008,5154863.41
"Civic # 310",,,"Daily","No","No","NO","No",46.5226935,-84.33905393,704090.6400000006,5155565.199999999
"Across from Chiropractic Clinic",,,"Daily","No","No","YES","No",46.52268972,-84.31924789,705609.6899999995,5155616.199999999
"B.S.",,"New Dome Shelter","Daily","No","Yes","YES","Yes",46.52530296,-84.31923609,705600.7300000004,5155906.59
"Dairy Queen",,,"Daily","No","No","YES","No",46.53215868,-84.31926094,705572.9399999995,5156668.27
"The Summit",,,"Daily","Yes","No","NO","No",46.53829473,-84.32870371,704825.7599999998,5157325.49
"Superior Heights",,,"Daily","No","No","NO","No",46.53843956,-84.33432554,704394.1699999999,5157327
"Across from Civic # 271",,,"Daily","No","No","NO","No",46.53869284,-84.33660834,704218.1899999995,5157349.23
"Across from Bitonti Motors",,,"Daily","No","No","NO","No",46.53864579,-84.34484951,703586.4900000002,5157322.699999999
"H&R Block",,,"Daily","Yes","No","NO","No",46.53784113,-84.35124773,703098.9199999999,5157216.800000001
,,,"Daily","No","No","NO","No",46.53779286,-84.35350807,702925.7899999991,5157205.619999999
"Subway",,,"Daily","No","No","NO","No",46.5376188,-84.36131768,702327.6400000006,5157166.220000001
"Across from Third Ave.",,,"Daily","No","No","NO","No",46.53741081,-84.36770768,701838.4600000009,5157126.74
"Across from First Ave.",,,"Daily","No","No","NO","No",46.53733455,-84.37010366,701655.0299999993,5157112.140000001
"Civic # 428",,,"Daily","No","No","NO","No",46.53728696,-84.37186142,701520.4299999997,5157102.359999999
"Civic # 544",,,"Daily","No","No","NO","No",46.5371588,-84.37722187,701109.8900000006,5157074.4399999995
"Rear of Pawnbroker",,,"Daily","No","No","NO","No",46.53747474,-84.38178585,700758.7799999993,5157097.92
"Civic # 13",,,"Daily","No","No","NO","No",46.54091163,-84.38989181,700124.6199999992,5157459.199999999
"Civic # 47",,,"Daily","No","No","NO","No",46.53869349,-84.38993101,700129.7699999996,5157212.640000001
"Across from Civic # 8",,,"Daily","No","No","NO","No",46.53724878,-84.38986268,700140.3200000003,5157052.289999999
"B.S.",,"New Dome Shelter","Daily","No","Yes","YES","Yes",46.53688074,-84.3813337,700795.6400000006,5157033.07
"Holy Family Parish",,,"Daily","No","No","NO","No",46.5371834,-84.37061817,701616.1400000006,5157094.029999999
"Civic # 343",,,"Daily","No","No","NO","No",46.53725536,-84.36746857,701857.3699999992,5157110.08
"B.S.",,"New Dome Shelter","Daily","Yes","Yes","YES","Yes",46.53729867,-84.363861,702133.8200000003,5157124.130000001
"Tim Hortons",,,"Daily","No","No","NO","No",46.53738806,-84.36121318,702336.5099999998,5157140.85
"B.S.",,"New Flat Top Shelter","Daily","Yes","Yes","YES","Yes",46.53760408,-84.35088326,703127.75,5157191.4
"Civic # 247",,,"Daily","No","No","NO","No",46.53861978,-84.33785341,704123,5157337.890000001
"Donald Doucet Centre",,,"Daily","No","No","NO","No",46.53819433,-84.32499524,705110.4800000004,5157323.970000001
"McDonald's",,,"Daily","No","No","YES","No",46.53748106,-84.31905518,705568.6199999992,5157260.18
"B.S.",,"New Dome Shelter","Daily","No","Yes","YES","Yes",46.53538408,-84.31903351,705578.1999999993,5157027.24
"B.S.",,"New Dome Shelter","Daily","No","Yes","YES","Yes",46.53213352,-84.31961193,705546.1199999992,5156664.5600000005
"Feet First",,,"Daily","No","No","YES","No",46.5284688,-84.31958096,705562.3300000001,5156257.449999999
"Superior Shopping Centre",,,"Daily","No","No","YES","No",46.52568096,-84.31952794,705576.9199999999,5155947.83
"PHI Dental Care",,,"Daily","No","No","YES","No",46.52350441,-84.31952463,705585.3900000006,5155706
"Great Lakes Honda - South Entrance",,,"Daily","No","No","NO","No",46.51819097,-84.31953632,705604.5500000007,5155115.59
,,,"Daily","No","No","NO","No",46.51682519,-84.31953508,705609.8000000007,5154963.84
"Civic # 323",,,"Daily","No","No","NO","No",46.51489329,-84.31952559,705617.8200000003,5154749.210000001
"Civic # 295",,,"Daily","No","No","YES","No",46.51344317,-84.31952054,705623.6799999997,5154588.1
"Civic # 263",,,"Daily","No","No","NO","No",46.51221221,-84.31952714,705627.8200000003,5154451.3100000005
"Civic # 171",,,"Daily","No","No","NO","No",46.50875647,-84.32126267,705507.7200000007,5154062.82
"B.S.",,"New Dome Shelter","Daily","No","Yes","NO","Yes",46.50893407,-84.32942926,704880.5500000007,5154061.32
"B.S.",,"New Dome Shelter","Daily","No","Yes","NO","Yes",46.51280974,-84.33453759,704474.1199999992,5154478.699999999
"B.S.",,"New Dome Shelter","Daily","No","No","NO","Yes",46.51002061,-84.3336763,704550.6600000001,5154171.029999999
"Investors Group",,,"Daily","No","No","NO","No",46.50587704,-84.32380426,705323.5899999999,5153736.27
"Across from Civic # 942",,,"Daily","No","No","NO","No",46.50545121,-84.3194778,705657.1199999992,5153700.220000001
"Across from Civic # 1354",,,"Daily","No","No","NO","No",46.50237945,-84.29561977,707499.1999999993,5153421.359999999
"Civic # 1403",,,"Daily","No","No","NO","No",46.50164192,-84.29341942,707670.8300000001,5153345.199999999
"Civic # 1469-A",,,"Daily","No","No","NO","No",46.50053683,-84.29012357,707927.9199999999,5153231.09
"Civic # 1677",,,"Daily","No","No","NO","No",46.49737153,-84.28040529,708685.6899999995,5152905.039999999
"Civic # 1963",,,"Daily","No","No","NO","No",46.49861149,-84.26779412,709648.5899999999,5153076.23
"Across from Civic # 2006",,,"Daily","No","No","YES","No",46.4998568,-84.26657696,709737.1899999995,5153217.83
"Civic # 2115",,,"Daily","No","No","NO","No",46.50291066,-84.26360001,709953.8399999999,5153565.0600000005
"Across from Civic # 2166",,,"Daily","No","No","NO","No",46.50440215,-84.2621491,710059.4100000001,5153734.640000001
,,,"Daily","No","No","NO","No",46.50817596,-84.25848797,710325.7300000004,5154163.699999999
,,,"Daily","No","No","NO","No",46.50960399,-84.25744054,710400.5700000003,5154325.16
,,,"Daily","No","No","NO","No",46.51231488,-84.25544487,710543.1899999995,5154631.6899999995
,,,"Daily","No","No","NO","No",46.513263,-84.25473903,710593.6699999999,5154738.92
,,,"Daily","No","No","NO","No",46.5150825,-84.25343348,710686.7799999993,5154944.57
,,,"Daily","No","No","NO","No",46.51773399,-84.25150427,710824.5,5155244.33
"Across from Hardwood St.",,,"Daily","No","No","NO","No",46.52169266,-84.25236869,710742.8800000008,5155681.869999999
"White Pines",,,"Daily","No","No","NO","No",46.52807535,-84.25937661,710180.7599999998,5156372.359999999
"Civic # 1163",,,"Daily","No","No","NO","No",46.52942217,-84.25633617,710408.7200000007,5156530.109999999
"Husky",,,"Daily","Yes","No","NO","No",46.53144928,-84.25171828,710755,5156767.67
"Pole 9163",,,"Daily","No","No","NO","No",46.53500351,-84.24351503,711370.25,5157184.529999999
"Civic # 23",,,"Daily","No","No","NO","No",46.53491396,-84.2424855,711449.5399999991,5157177.34
"Civic # 4222",,,"Daily","No","No","NO","No",46.53356038,-84.24013336,711635.1600000001,5157033.25
,,,"Daily","No","No","NO","No",46.53154428,-84.24159897,711530.6099999994,5156805.3100000005
,,,"Daily","No","No","NO","No",46.52769028,-84.24438979,711331.5600000005,5156369.609999999
,,,"Daily","No","No","NO","No",46.52550446,-84.24601896,711215.0999999996,5156122.380000001
,,,"Daily","No","No","NO","No",46.51893443,-84.24668833,711189.2400000002,5155390.59
,,,"Daily","No","No","NO","No",46.51974003,-84.24836678,711057.3800000008,5155475.609999999
,,,"Daily","No","No","NO","No",46.52008144,-84.24998371,710932.0399999991,5155509.220000001
,,,"Daily","No","No","NO","No",46.51778316,-84.25164403,710813.5899999999,5155249.42
"Beside Civic # 3",,,"Daily","No","No","NO","No",46.51511782,-84.25363729,710671.0099999998,5154947.949999999
"PUC Well Station",,,"Daily","No","No","NO","No",46.50943212,-84.25780219,710373.4900000002,5154305.1
"Civic # 2166",,,"Daily","No","No","NO","No",46.5044228,-84.26236508,710042.7599999998,5153736.359999999
"Civic # 2000",,,"Daily","No","No","NO","No",46.49991861,-84.26679086,709720.5399999991,5153224.130000001
"Civic # 1954",,,"Daily","No","No","NO","No",46.49858671,-84.26807896,709626.8300000001,5153072.720000001
"Civic # 1772",,,"Daily","No","No","NO","No",46.49694278,-84.27522101,709085.1300000008,5152871.119999999
"Civic # 1664",,,"Daily","No","No","NO","No",46.49771523,-84.28097604,708640.5800000001,5152941.720000001
"Child Care Algoma",,,"Daily","No","No","NO","No",46.49857613,-84.28375587,708423.9900000002,5153030.029999999
"Civic # 1390",,,"Daily","No","No","YES","No",46.50195122,-84.2938588,707635.9399999995,5153378.41
"Civic # 1260",,,"Daily","No","No","NO","No",46.50411212,-84.30035093,707129.6199999992,5153601.449999999
,,,"Daily","No","No","NO","No",46.50457226,-84.30386133,706858.5500000007,5153643.369999999
"B.S.",,"New Half Shelter","Daily","No","Yes","YES","Yes",46.50488708,-84.30818774,706525.4299999997,5153667.02
"Civic # 1162",,,"Daily","No","No","NO","No",46.50496813,-84.30960409,706416.4600000009,5153672.32
"Civic # 1076",,,"Daily","No","No","NO","No",46.50512719,-84.31200394,706231.7400000002,5153683.720000001
"Civic # 1042",,,"Daily","No","No","NO","No",46.50528473,-84.31439111,706048,5153694.99
"Civic # 1024",,,"Daily","No","No","NO","No",46.50535883,-84.3154916,705963.2899999991,5153700.35
"Civic # 918",,,"Daily","No","No","NO","No",46.50572142,-84.3210147,705538.1899999995,5153726.24
"Across from Station Tower",,,"Daily","No","No","NO","No",46.51105895,-84.3357069,704390.9900000002,5154281.140000001
"Pavilion",,,"Daily","No","No","NO","No",46.50936651,-84.33564197,704402.3200000003,5154093.26
"City Hall",,,"Daily","No","No","NO","No",46.50760749,-84.3335325,704570.75,5153903.279999999
"Civic # 138",,,"Daily","No","No","NO","No",46.50841175,-84.32667056,705094.1500000004,5154010.449999999
"Civic # 749",,,"Daily","No","No","NO","No",46.50927639,-84.32252578,705408.8599999994,5154117.300000001
"Across from Civic # 267",,,"Daily","No","No","NO","No",46.51244494,-84.31929655,705644.6300000008,5154477.77
,,,"Daily","No","No","YES","No",46.51394614,-84.31928838,705639.5899999999,5154644.59
"Civic # 350",,,"Daily","No","No","YES","No",46.51589714,-84.31927959,705632.9000000004,5154861.390000001
"Civic # 386",,,"Daily","No","No","YES","No",46.5171361,-84.31927625,705628.4800000004,5154999.0600000005
"Across from Civic # 328",,,"Daily","No","No","YES","No",46.52170209,-84.31182281,706182.9000000004,5155525.84
"Across from Civic # 518",,,"Daily","No","No","NO","No",46.52173562,-84.30178241,706952.8399999999,5155555.85
"Civic # 593",,,"Daily","No","No","NO","No",46.52128292,-84.29559434,707429.1699999999,5155521.800000001
"Heritage Place",,,"Daily","No","No","NO","No",46.51584642,-84.28960509,707909.2799999993,5154933.51
"Pathways Retirement Residence",,,"Daily","No","No","NO","No",46.51674724,-84.28512646,708249.3699999992,5155045.41
"Community First",,,"Daily","No","No","NO","No",46.52009063,-84.27753052,708819.1899999995,5155436.970000001
"B.S.",,"New Dome Shelter","Daily","No","Yes","YES","Yes",46.52138026,-84.2745666,709041.5700000003,5155588.109999999
"B.S.",,"New Dome Shelter","Daily","No","Yes","NO","Yes",46.52471913,-84.26694624,709613.1799999997,5155979.3100000005
"World Cars Kia",,,"Daily","No","No","NO","No",46.52696317,-84.26187973,709993.0899999999,5156242.119999999
"Shady Rest Motel",,,"Daily","No","No","NO","No",46.53636217,-84.24046068,711599.1699999999,5157343.68
"Shady Pines Motel",,,"Daily","No","No","NO","No",46.53735523,-84.23818379,711769.8900000006,5157460.130000001
,,,"Daily","No","No","YES","No",46.53927805,-84.2356243,711958.6500000004,5157680.65
,,,"Daily","No","No","NO","No",46.5380224,-84.23843308,711748.1799999997,5157533.59
,,,"Daily","No","No","NO","No",46.53579759,-84.24349673,711368.5700000003,5157272.8100000005
,,,"Daily","No","No","NO","No",46.53455199,-84.24637976,711152.3399999999,5157126.6899999995
,,,"Daily","No","No","NO","No",46.53372987,-84.24820838,711015.3100000005,5157030.449999999
,,,"Daily","No","No","NO","No",46.53229778,-84.25149275,710769.0099999998,5156862.550000001
,,,"Daily","No","No","NO","No",46.5281879,-84.26088814,710064.4100000001,5156380.84
,,,"Daily","No","No","NO","No",46.52714379,-84.26325077,709887.25,5156258.539999999
,,,"Daily","Yes","No","YES","No",46.52402958,-84.27031099,709357.7799999993,5155893.76
"B.S.",,"New Dome Shelter","Daily","No","Yes","YES","Yes",46.51682663,-84.28363822,708363.2200000007,5155058.16
"Civic # 74",,,"Daily","No","No","NO","No",46.51571359,-84.28389553,708347.7400000002,5154933.8100000005
"Fountain Tire",,,"Daily","No","No","NO","No",46.51812112,-84.28808476,708017.2100000009,5155190.26
"B.S.",,"Old Shelter","Daily","No","Yes","YES","Yes",46.51628732,-84.28962343,707906.1899999995,5154982.449999999
"Civic # 586",,,"Daily","No","No","NO","No",46.51561361,-84.29358666,707604.7599999998,5154897.16
"Civic # 508",,,"Daily","No","No","NO","No",46.51822221,-84.29539377,707456.2100000009,5155182.25
"Civic # 588",,,"Daily","No","No","NO","No",46.52129873,-84.2954105,707443.2100000009,5155524.039999999
"Civic # 592",,,"Daily","No","No","NO","No",46.52195176,-84.29819567,707227.1099999994,5155589.279999999
"Civic # 528",,,"Daily","No","No","NO","No",46.52193567,-84.30131277,706988.0999999996,5155579.3100000005
"B.S.",,"New Dome Shelter","Daily","No","Yes","YES","Yes",46.52193099,-84.30522295,706688.2200000007,5155568.539999999
"Elim Tabernacle",,,"Daily","No","No","NO","No",46.52188482,-84.31223323,706150.7300000004,5155545.07
"Civic # 264",,,"Daily","No","No","NO","No",46.52187797,-84.3146222,705967.5299999993,5155538.07
"B.S.",,"New Dome Shelter","Daily","Yes","Yes","YES","Yes",46.52189789,-84.31655116,705819.5099999998,5155535.25
"Civic # 379",,,"Daily","No","No","NO","No",46.52006803,-84.32411935,705245.9499999993,5155312.220000001
"Across from Civic # 857",,,"Daily","No","No","NO","No",46.54128376,-84.35053487,703140.7300000004,5157601.15
"Civic # 968",,,"Daily","No","No","NO","No",46.54500297,-84.35078947,703107.3300000001,5158013.74
,,,"Daily","No","No","NO","No",46.55147716,-84.35121901,703050.2400000002,5158731.99
,,,"Daily","No","No","NO","No",46.56691075,-84.34743406,703282.6899999995,5160456.59
"B.S.",,"New Dome Shelter","Daily","Yes","Yes","YES","Yes",46.56620006,-84.35225327,702916.0299999993,5160365.210000001
,,,"Daily","No","No","NO","No",46.56241412,-84.35200022,702949.5500000007,5159945.199999999
"Civic # 1419",,,"Daily","No","No","NO","No",46.56039851,-84.35188854,702965.6300000008,5159721.529999999
,,,"Daily","No","No","NO","No",46.55887807,-84.35178421,702979.3000000007,5159552.859999999
"Civic # 1295",,,"Daily","No","No","NO","No",46.55616724,-84.35164664,702999.9600000009,5159252.01
"B.S.",,"New Dome Shelter","Daily","No","Yes","YES","Yes",46.5547759,-84.351622,703007.0399999991,5159097.48
"Across from Civic # 1174",,,"Daily","No","No","NO","No",46.55202304,-84.3514493,703030.5500000007,5158792.050000001
"Civic # 1079",,,"Daily","No","No","YES","No",46.54874562,-84.35123275,703059.3800000008,5158428.449999999
"Finnish Pentecostal Church",,,"Daily","No","No","NO","No",46.54269079,-84.35083289,703112.6300000008,5157756.720000001
"Civic # 857",,,"Daily","No","No","NO","No",46.54124002,-84.35073316,703125.6899999995,5157595.779999999
"Civic # 807",,,"Daily","No","No","NO","No",46.53969867,-84.35062403,703139.8100000005,5157424.800000001
"Civic # 522",,,"Daily","No","No","NO","No",46.53827781,-84.36087059,702359.4700000007,5157240.59
"Civic # 566",,,"Daily","No","No","NO","No",46.53993007,-84.36095052,702347.1999999993,5157423.970000001
"Civic # 598",,,"Daily","No","No","NO","No",46.54096458,-84.36099948,702339.5999999996,5157538.789999999
"Civic # 640",,,"Daily","No","No","NO","No",46.54226344,-84.36106068,702330.0800000001,5157682.949999999
"Civic # 696",,,"Daily","No","No","NO","No",46.54452162,-84.3611814,702312.4299999997,5157933.550000001
"Civic # 290",,,"Daily","No","No","NO","No",46.54460485,-84.37072268,701580.6400000006,5157918.369999999
"Civic # 679",,,"Daily","No","No","NO","No",46.54301455,-84.37006099,701637.2599999998,5157743.359999999
"Civic # 563",,,"Daily","No","No","NO","No",46.53952881,-84.36774428,701827.8000000007,5157361.98
"No Frills - East Entrance",,,"Daily","No","No","NO","No",46.537862,-84.36663401,701919.1099999994,5157179.619999999
"Across from Devon Rd.",,,"Daily","No","No","NO","No",46.53383929,-84.36392118,702142.0500000007,5156739.6
"Service Grill",,,"Daily","Yes","No","NO","No",46.53165445,-84.36239167,702267.4499999993,5156500.76
"Civic # 283",,,"Daily","No","No","NO","No",46.53072396,-84.3617649,702318.9700000007,5156398.98
,,,"Daily","No","No","NO","No",46.52712726,-84.36126827,702370.4199999999,5156000.619999999
"Civic # 364",,,"Daily","No","No","NO","No",46.5239415,-84.33877012,704107.7300000004,5155704.6
"Civic # 454",,,"Daily","No","No","NO","No",46.52763774,-84.33784752,704164.6300000008,5156117.68
"Civic # 502",,,"Daily","No","No","NO","No",46.52892159,-84.33752277,704184.7200000007,5156261.17
"École Notre-Dame",,,"Daily","No","No","NO","No",46.53264436,-84.33659948,704241.5600000005,5156677.199999999
"Civic # 640",,,"Daily","No","No","NO","No",46.53390208,-84.33625052,704263.5999999996,5156817.85
"Across from Civic # 691",,,"Daily","No","No","NO","No",46.53730144,-84.3353919,704316.6799999997,5157197.779999999
"B.S.",,"Old Shelter","Daily","No","No","NO","Yes",46.54019879,-84.33460732,704365.9600000009,5157521.74
"Civic # 926",,,"Daily","No","No","NO","No",46.54366848,-84.33379343,704415.3300000001,5157909.369999999
"B.S.",,"New Dome Shelter","Daily","No","Yes","YES","Yes",46.54585174,-84.3329886,704468.8300000001,5158154.039999999
"Civic # 199",,,"Daily","No","No","NO","No",46.54550902,-84.3299201,704705.3599999994,5158123.92
"Civic # 139",,,"Daily","No","No","NO","No",46.54286777,-84.32978059,704725.9900000002,5157830.8100000005
"Beside Civic # 29",,,"Daily","No","No","NO","No",46.54030865,-84.32966212,704744.6999999993,5157546.77
"Children's Aid Society",,,"Evenings/Weekends","No","No","NO","No",46.53399614,-84.32711716,704963.5899999999,5156851.99
,,,"Evenings/Weekends","No","No","NO","No",46.53401075,-84.32322258,705262.1699999999,5156863.74
"Microtel Inn",,,"Daily","No","No","NO","No",46.54709977,-84.31916454,705523.9100000001,5158328.640000001
"B.S.",,"New Dome Shelter","Daily","No","Yes","YES","Yes",46.53418818,-84.32259374,705309.7200000007,5156885.09
"Boreal French Immersion",,,"Daily","No","No","NO","No",46.53416485,-84.32499175,705125.9299999997,5156876.26
"Civic # 48",,,"Daily","No","No","NO","No",46.52121803,-84.33607429,704324.6999999993,5155408.970000001
"Civic # 90",,,"Daily","No","No","NO","No",46.52124876,-84.33481747,704420.9800000004,5155415.640000001
"Civic # 136",,,"Daily","No","No","NO","No",46.52128038,-84.33359933,704514.2899999991,5155422.3100000005
"Civic # 172",,,"Daily","No","No","NO","No",46.52130799,-84.33245661,704601.8300000001,5155428.34
"Civic # 377",,,"Daily","No","No","NO","No",46.52080383,-84.33155938,704672.5399999991,5155374.65
"Across from Civic # 306",,,"Daily","No","No","NO","No",46.51865967,-84.33153639,704682.3599999994,5155136.470000001
"Scootz",,,"Daily","No","No","NO","No",46.51711501,-84.33073153,704749.9000000004,5154966.93
"Civic # 252",,,"Daily","No","No","NO","No",46.51615305,-84.33396542,704505.4600000009,5154851.66
"Civic # 166",,,"Daily","No","No","NO","No",46.51481983,-84.3337088,704530.1500000004,5154704.1899999995
"Across from Scootz",,,"Daily","No","No","NO","No",46.51670626,-84.33071349,704752.8200000003,5154921.5600000005
,,,"Daily","No","No","NO","No",46.5177757,-84.32902085,704878.6300000008,5155044.779999999
"Civic # 340",,,"Daily","No","No","NO","No",46.5194049,-84.32645348,705069.4199999999,5155232.470000001
"Civic # 106",,,"Daily","No","No","NO","No",46.52031347,-84.32341237,705299.25,5155341.33
"Civic # 136",,,"Daily","No","No","NO","No",46.52147953,-84.32339783,705295.9700000007,5155470.93
"Across from Civic # 136",,,"Daily","No","No","NO","No",46.52171742,-84.32103559,705476.25,5155503.51
"Civic # 12",,,"Daily","No","No","NO","No",46.52221353,-84.31526397,705917.0399999991,5155573.68
,,,"Daily","No","No","YES","No",46.52460198,-84.31526866,705907.6500000004,5155839.050000001
,,,"Daily","No","No","NO","No",46.52785285,-84.31528259,705894.2899999991,5156200.220000001
"Beside Civic # 86",,,"Daily","No","No","NO","No",46.52904338,-84.31529079,705889.1600000001,5156332.48
"Across from Rush Ave.",,,"Daily","No","No","NO","No",46.53137087,-84.3152943,705880.0899999999,5156591.08
"B.S.",,"Old Shelter","Daily","No","No","YES","Yes",46.53256082,-84.31527344,705877.1899999995,5156723.35
"NW Corner of Sault College",,,"Daily","No","No","NO","No",46.53384024,-84.31529159,705870.9600000009,5156865.460000001
"Across from Civic # 986",,,"Daily","No","No","NO","No",46.53290746,-84.30768773,706457.5600000005,5156781.6899999995
"Across from Civic # 930",,,"Daily","No","No","NO","No",46.5310551,-84.30764306,706468.0099999998,5156575.99
"Across from Civic # 878",,,"Daily","No","No","NO","No",46.5292347,-84.3076444,706474.8100000005,5156373.720000001
"Civic # 787",,,"Daily","No","No","NO","No",46.52613462,-84.30757105,706492.1899999995,5156029.460000001
"B.S.",,"New Dome Shelter","Daily","No","Yes","YES","Yes",46.52333386,-84.30760756,706500.0099999998,5155718.17
"Across from Civic # 570",,,"Daily","No","No","NO","No",46.51873094,-84.30759871,706518.1400000006,5155206.76
"Across from Civic # 370",,,"Daily","No","No","NO","No",46.512091,-84.3075423,706547.6400000006,5154469.140000001
"Across from Breton Rd.",,,"Daily","No","No","NO","No",46.51060069,-84.30751206,706555.6099999994,5154303.630000001
"Civic # 107",,,"Daily","No","No","NO","No",46.50503932,-84.30357714,706878.5800000001,5153696.01
"Civic # 170",,,"Daily","No","No","NO","No",46.50586353,-84.29528797,707511.3900000006,5153809.35
,,,"Daily","No","No","NO","No",46.50764569,-84.2952978,707503.8499999996,5154007.34
"Civic # 282",,,"Daily","No","No","NO","No",46.5098962,-84.29531891,707493.6600000001,5154257.34
,,,"Daily","No","No","NO","No",46.5142717,-84.29709328,707340.8900000006,5154738.84
"Across from Civic # 141",,,"Daily","No","No","NO","No",46.51189158,-84.29909728,707196.2200000007,5154469.119999999
"Civic # 102",,,"Daily","No","No","YES","No",46.51119051,-84.30098482,707054.0899999999,5154386.27
,,,"Daily","No","No","NO","No",46.51075296,-84.3040485,706820.7300000004,5154329.619999999
,,,"Daily","No","No","YES","No",46.5122743,-84.30731567,706564.3300000001,5154490.1
"Civic # 498",,,"Daily","No","No","NO","No",46.51633324,-84.3073694,706544.8200000003,5154940.949999999
"Civic # 588",,,"Daily","No","No","NO","No",46.51940036,-84.30736562,706533.4800000004,5155281.75
"B.S.",,"New Dome Shelter","Daily","No","Yes","YES","Yes",46.52330244,-84.30735133,706519.7799999993,5155715.35
"Civic # 894",,,"Daily","No","No","NO","No",46.52981365,-84.30741417,706490.2699999996,5156438.65
,,,"Daily","No","No","NO","No",46.53103531,-84.30743721,706483.8699999992,5156574.33
"Beside Civic # 76",,,"Daily","No","No","NO","No",46.53333841,-84.31549552,705857.2200000007,5156809.17
"Across from Sault College Entrance",,,"Daily","No","No","YES","No",46.53094585,-84.31549182,705866.5500000007,5156543.34
"Civic # 171",,,"Daily","No","No","NO","No",46.52754994,-84.31549482,705879.1600000001,5156166.01
"B.S.",,"New Dome Shelter","Daily","No","Yes","YES","Yes",46.5248257,-84.31550902,705888.3699999992,5155863.279999999
"Group Health Centre",,,"Daily","No","No","NO","No",46.5222016,-84.31546482,705901.6799999997,5155571.83
,,,"Daily","No","No","NO","No",46.52780903,-84.27102609,709288.4100000001,5156311.800000001
"Across from Civic # 309",,,"Daily","No","No","NO","No",46.52453393,-84.25829631,710277.2799999993,5155981.75
"Across from ADSB",,,"Daily","No","No","NO","No",46.50920789,-84.32748257,705028.8599999994,5154096.800000001
"B.S.",,"New Dome Shelter","Daily","No","Yes","YES","Yes",46.53155171,-84.40799445,698770.8599999994,5156373.4399999995
,,,"Daily","No","No","NO","No",46.52359821,-84.3810601,700865.6099999994,5155557.93
"Across from Civic # 1180",,,"Daily","No","No","NO","No",46.50461272,-84.30667707,706642.3699999992,5153640.49
"Across from Civic # 1170",,,"Daily","No","No","NO","No",46.50474427,-84.30850983,706501.2599999998,5153650.3100000005
"Civic # 1085",,,"Daily","No","No","NO","No",46.50493584,-84.31139151,706279.4499999993,5153664.0600000005
"Medical Arts Centre",,,"Weekdays","No","No","NO","No",46.50885672,-84.32595525,705147.3499999996,5154061.75
"Civic # 467",,,"Daily","No","No","NO","No",46.53589602,-84.36532869,702026.4900000002,5156964.52
"Doctor's Bldg.",,,"Daily","No","No","NO","No",46.50537748,-84.31819545,705755.7799999993,5153695.369999999
,,,"Daily","No","No","NO","No",46.52888892,-84.3813339,700825.0999999996,5156145.09
"Petro Canada - South Entrance",,,"Daily","No","No","NO","No",46.55301641,-84.3210437,705357.5199999996,5158981.15
,,,"Daily","No","No","NO","No",46.55128745,-84.32474959,705079.9700000007,5158779.4
,,,"Daily","No","No","NO","No",46.54882827,-84.32467548,705094.9199999999,5158506.35
,,,"Daily","No","No","NO","No",46.54736303,-84.32387771,705161.5999999996,5158345.619999999
"Beside TSC",,,"Daily","No","No","NO","No",46.5474306,-84.31998178,705460.0099999998,5158363.27
"South of Terrance Ave",,,"Daily","No","No","NO","No",46.54545705,-84.31912076,705533.4700000007,5158146.23
,,,"Daily","No","No","NO","No",46.54555461,-84.31866033,705568.4000000004,5158158.27
,,,"Daily","No","No","NO","No",46.5456073,-84.31527215,705827.9499999993,5158172.960000001
"B.S.",,"New Dome Shelter","Daily","No","Yes","YES","Yes",46.542223,-84.30933446,706295.9800000004,5157812.4399999995
"Best Buy",,,"Daily","No","No","NO","No",46.54364072,-84.31902319,705547.8100000005,5157944.67
,,,"Daily","No","No","NO","No",46.54297449,-84.30965509,706268.5500000007,5157895.1
,,,"Weekdays","No","No","NO","No",46.51714956,-84.343875,703741.6199999992,5154936.75
"John Rhodes - North Entrance",,,"Daily","No","No","NO","No",46.50935647,-84.30130066,707036.8300000001,5154181.66
"B.S.",,"New Half Shelter","Daily","No","Yes","YES","Yes",46.52650679,-84.30737675,706505.6799999997,5156071.32
,,,"Daily","No","No","NO","No",46.54458896,-84.31222813,706065.1699999999,5158067.76
,,,"Daily","No","No","NO","No",46.52315177,-84.33656475,704279.8300000001,5155622.5600000005
"Courthouse Entrance",,,"Daily","No","No","NO","No",46.51148148,-84.33273453,704617.4199999999,5154335.789999999
"Civic # 1744",,,"Daily","No","No","NO","No",46.49698687,-84.27703344,708945.8900000006,5152871.220000001
"Civic # 146",,,"Daily","No","No","NO","No",46.53386169,-84.35796822,702598.4399999995,5156757.359999999
"Civic # 102",,,"Daily","No","No","NO","No",46.53392104,-84.35561883,702778.3699999992,5156769.99
"Across from Civic # 940",,,"Daily","No","No","YES","No",46.50929882,-84.31657026,705865.6500000004,5154135.3100000005
"Ideal Drug Mart",,,"Daily","No","No","NO","No",46.50950977,-84.29991496,707142.5500000007,5154202.33
"Across from Civic # 379",,,"Daily","No","No","NO","No",46.5199123,-84.32414486,705244.5800000001,5155294.85
,,,"Weekdays","No","No","NO","No",46.52952595,-84.32452175,705179.4499999993,5156362.050000001
,,,"Weekdays","No","No","NO","No",46.5410855,-84.33857148,704058.6999999993,5157610
"Canadian Motor Hotel",,,"Daily","No","No","NO","No",46.51816523,-84.319302,705622.6199999992,5155113.34
"Civic # 1335",,,"Daily","No","No","NO","No",46.53354479,-84.24688754,711117.3100000005,5157013.42
"Across from Bloor St. W.",,,"Daily","No","No","NO","No",46.52916021,-84.35107855,703144.2799999993,5156252.6899999995
"Civic # 340",,,"Daily","Yes","No","NO","No",46.53227545,-84.36257897,702250.7799999993,5156569.279999999
"Civic # 366",,,"Daily","No","No","NO","No",46.53326972,-84.36326724,702194.3100000005,5156677.99
"Civic # 456",,,"Daily","No","No","NO","No",46.53546432,-84.36477549,702070.5099999998,5156917.970000001
"LCBO",,,"Daily","Yes","No","NO","No",46.53688445,-84.36574867,701990.6199999992,5157073.27
"Civic # 592",,,"Daily","No","No","NO","No",46.54014817,-84.36794688,701809.9700000007,5157430.279999999
"Across from Civic # 653",,,"Daily","No","No","NO","No",46.54202366,-84.36918542,701708.0600000005,5157635.5
"Civic # 718",,,"Daily","No","No","NO","No",46.54422019,-84.37064409,701588.0899999999,5157875.83
,,,"Daily","No","No","NO","No",46.54458445,-84.36697788,701867.8100000005,5157925.68
,,,"Daily","No","No","NO","No",46.53803946,-84.3610487,702346.6999999993,5157213.65
,,,"Daily","No","No","NO","No",46.55385755,-84.34087582,703834.1799999997,5159023.16
,,,"Daily","No","No","NO","No",46.56677715,-84.34171345,703721.5800000001,5160456.51
"Great Lakes Forestry Centre",,,"Daily","No","No","NO","No",46.50438851,-84.30335166,706898.3499999996,5153624.289999999
,,,"Daily","No","No","NO","No",46.54237455,-84.3189597,705557.4600000009,5157804.15
"Fastenal",,,"Daily","No","No","NO","No",46.54575834,-84.31940359,705510.6500000004,5158178.970000001
"Circle K",,,"Daily","No","No","NO","No",46.53863697,-84.30843717,706378.3699999992,5157416.34
"Paul Davis",,,"Daily","No","No","NO","No",46.5336499,-84.32948875,704783.0399999991,5156807.359999999
,,,"Daily","No","No","NO","No",46.5303432,-84.33004332,704752.9499999993,5156438.51
"Civic # 87",,,"Daily","No","No","NO","No",46.52644373,-84.33031941,704746.4399999995,5156004.52
"Civic # 41",,,"Daily","No","No","NO","No",46.52502026,-84.32979826,704791.7599999998,5155847.710000001
,,,"Daily","No","No","NO","No",46.55339368,-84.31943078,705479.7300000004,5159027.27
"Northwood Funeral Home",,,"Daily","No","No","NO","No",46.55527245,-84.31960043,705459.6300000008,5159235.58
,,,"Daily","No","No","NO","No",46.5647303,-84.32046579,705357.5899999999,5160284.199999999
,,,"Daily","No","No","NO","No",46.56744934,-84.31995742,705386.2799999993,5160587.640000001
,,,"Daily","No","No","NO","No",46.56493466,-84.32077959,705332.7699999996,5160306.09
,,,"Daily","No","No","NO","No",46.56306537,-84.32061058,705352.7799999993,5160098.83
,,,"Daily","No","No","NO","No",46.55651847,-84.32002933,705422.0500000007,5159372.91
"Soo Mill",,,"Daily","No","No","NO","No",46.54336244,-84.3192919,705528.2599999998,5157913.050000001
"Across from Beer Store",,,"Daily","No","No","NO","No",46.54154987,-84.31921645,705540.8900000006,5157711.85
,,,"Daily","Yes","No","NO","No",46.54031219,-84.31585302,705803.4399999995,5157583.1
,,,"Daily","No","No","NO","No",46.53673003,-84.39450647,699786.1600000001,5156982.880000001
,,,"Daily","No","No","NO","No",46.53667311,-84.39710805,699586.8900000006,5156969.970000001
,,,"Daily","No","No","NO","No",46.53662079,-84.39909174,699434.9800000004,5156959.140000001
,,,"Daily","No","No","NO","No",46.53649641,-84.40379926,699074.4800000004,5156933.43
,,,"Daily","No","No","NO","No",46.53633033,-84.41074997,698542.1300000008,5156897.460000001
,,,"Daily","No","No","NO","No",46.53405853,-84.41179438,698470.3300000001,5156642.41
,,,"Daily","No","No","NO","No",46.53136561,-84.41101346,698540.0299999993,5156345.16
,,,"Daily","No","No","NO","No",46.53050201,-84.40301278,699156.7100000009,5156269.369999999
"Across from S. Eden St.",,,"Daily","No","No","NO","No",46.529301,-84.39511117,699767.0500000007,5156155.9
"Across from Civic # 906",,,"Daily","No","No","NO","No",46.52940253,-84.39089291,700090.1600000001,5156177.869999999
"Civic # 179",,,"Daily","No","No","NO","No",46.53125735,-84.38984086,700164.0199999996,5156386.630000001
,,,"Daily","No","No","NO","No",46.53132057,-84.38682545,700395.0199999996,5156401.3100000005
,,,"Daily","No","No","NO","No",46.53137532,-84.38427651,700590.2799999993,5156413.869999999
"Pole 11881",,,"Daily","No","No","NO","No",46.53143647,-84.38212774,700754.8300000001,5156426.130000001
,,,"Weekdays","No","No","NO","No",46.53502392,-84.3177338,705679.2200000007,5156990.609999999
,,,"Weekdays","No","No","NO","No",46.53994182,-84.33651761,704220.4600000009,5157488.24
,,,"Weekdays","No","No","NO","No",46.54088718,-84.31554555,705824.8399999999,5157647.789999999
,,,"Daily","Yes","No","NO","No",46.5404026,-84.31615807,705779.7100000009,5157592.35
,,,"Daily","No","No","NO","No",46.55414917,-84.31981194,705447.6600000001,5159110.220000001
"Civic # 1123",,,"Daily","No","No","NO","No",46.56114767,-84.32044619,705372.6199999992,5159886.18
,,,"Daily","No","No","NO","No",46.56410657,-84.34155014,703744.0999999996,5160160.199999999
,,,"Daily","No","No","NO","No",46.56177406,-84.34138819,703765.25,5159901.449999999
,,,"Daily","No","No","NO","No",46.55851329,-84.34117585,703793.7400000002,5159539.6899999995
"Across from Civic # 684",,,"Daily","No","No","NO","No",46.54412024,-84.36136534,702299.8200000003,5157888.48
"Across from Civic # 592",,,"Daily","No","No","NO","No",46.54084675,-84.36120488,702324.2899999991,5157525.17
"Medicine Shoppe",,,"Daily","No","No","NO","No",46.53802859,-84.36653661,701925.9600000009,5157198.380000001
"Korah C & VS",,,"Daily","No","No","NO","No",46.54139668,-84.38198301,700729.1999999993,5157533.1899999995
,,,"Daily","No","No","NO","No",46.53073475,-84.40513288,698993.2799999993,5156289.880000001
"Civic # 116",,,"Daily","No","No","NO","No",46.53143749,-84.38782983,700317.5700000003,5156411.75
"Civic # 525",,,"Daily","No","No","NO","No",46.53133046,-84.37194604,701535.9900000002,5156440.3100000005
"Mazzuca Chiropractic",,,"Daily","Yes","No","NO","No",46.53691813,-84.36601909,701969.7599999998,5157076.32
"Across from Parliament St.",,,"Daily","No","No","NO","No",46.53198355,-84.34448978,703638.9900000002,5156583.380000001
"Across from Wood Wyant",,,"Daily","No","No","NO","No",46.52119479,-84.33946275,704064.9000000004,5155397.619999999
,,,"Evenings/Weekends","No","No","NO","No",46.53400938,-84.32498244,705127.2300000004,5156859.01
,,,"Evenings/Weekends","No","No","NO","No",46.5339969,-84.32832409,704871.0399999991,5156848.9399999995
,,,"Weekdays","No","No","NO","No",46.53254139,-84.32342536,705252.1600000001,5156699.949999999
"Dollarama",,,"Evenings/Weekends","No","No","NO","No",46.53401717,-84.3212606,705412.5899999999,5156869.5600000005
"Across from Civic # 382",,,"Daily","No","No","NO","No",46.51990795,-84.35011654,703252.5800000001,5155227.140000001
"Across from Marconi Club",,,"Daily","No","No","NO","No",46.52004409,-84.35133861,703158.3399999999,5155239.119999999
"B.S.",,"New Dome Shelter","Daily","No","Yes","NO","Yes",46.51824692,-84.34063435,703986.0800000001,5155067.050000001
"B.S.",,"New Dome Shelter","Daily","No","No","NO","Yes",46.51941121,-84.33970437,704053.0500000007,5155198.82
"Casino",,,"Daily","No","No","NO","No",46.51741728,-84.34227453,703863.3800000008,5154970.630000001
"Queenstown Residences",,,"Daily","No","No","NO","No",46.50650044,-84.32395665,705309.5500000007,5153805.140000001
"Civic # 1009",,,"Daily","No","No","NO","No",46.50526673,-84.31646029,705889.3200000003,5153687.59
"Across from Upton Rd.",,,"Daily","No","No","NO","No",46.50509653,-84.31404572,706075.2100000009,5153674.98
"Civic # 472",,,"Daily","No","No","NO","No",46.51671538,-84.27071287,709355.0700000003,5155080.01
"Civic # 172",,,"Daily","No","No","NO","No",46.51720838,-84.27267622,709202.5800000001,5155129.58
"Pole 19856",,,"Daily","No","No","NO","No",46.5183637,-84.27482641,709033.2200000007,5155252.25
"Giant Tiger",,,"Daily","Yes","No","NO","No",46.52008159,-84.275814,708950.8800000008,5155440.51
,,,"Weekdays","No","No","NO","No",46.52251436,-84.32563562,705120.4399999995,5155580.09
"Wellwise",,,"Daily","No","No","NO","No",46.52171022,-84.31818394,705694.9900000002,5155510.140000001
,,,"Daily","No","No","NO","No",46.52814557,-84.29979843,707080.6300000008,5156273.27
,,,"Evenings/Weekends","No","No","NO","No",46.53069702,-84.30647538,706558.9100000001,5156539.26
,,,"Daily","No","No","NO","No",46.53557486,-84.31765162,705683.4399999995,5157052.039999999
,,,"Daily","No","No","NO","No",46.5373379,-84.31538684,705850.4299999997,5157253.84
"Civic # 911",,,"Daily","No","No","NO","No",46.50556771,-84.32107257,705534.3300000001,5153709.01
"Ho Shin Sool",,,"Daily","No","No","NO","No",46.53098896,-84.36169246,702323.5399999991,5156428.609999999
,,,"Evenings/Weekends","No","No","NO","No",46.5281859,-84.30019141,707050.3399999999,5156276.720000001
"Civic # 986",,,"Daily","No","No","NO","No",46.53290589,-84.30744133,706476.4600000009,5156782.16
"NW Corner of Wellington Sq. Mall",,,"Daily","Yes","No","NO","No",46.52082118,-84.27594481,708938.0099999998,5155522.34
,,,"Evenings/Weekends","No","No","NO","No",46.52947718,-84.30219817,706891.5399999991,5156414.93
,,,"Evenings/Weekends","No","No","NO","No",46.52920657,-84.30180629,706921.0999999996,5156386.880000001
,,,"Evenings/Weekends","No","No","NO","No",46.52890227,-84.29796555,707218.3100000005,5156362.16
"Beside Civic # 324",,,"Daily","Yes","No","NO","No",46.53198604,-84.36217843,702282.5700000003,5156538.15
"Missanabie Cree First Nation",,,"Daily","No","No","NO","No",46.50907447,-84.33023057,704818.5500000007,5154074.84
"Civic # 547",,,"Daily","No","No","NO","No",46.53913202,-84.36110933,702337.9900000002,5157334.890000001
"Subway",,,"Daily","No","No","YES","No",46.53086538,-84.3195913,705552.4900000002,5156523.710000001
,,"New Dome Shelter","Daily","No","Yes","YES","Yes",46.54877988,-84.3178292,705619.9299999997,5158518.800000001
"B.S.",,"New Dome Shelter","Daily","No","Yes","YES","Yes",46.54928541,-84.31922957,705510.6699999999,5158571.32
,,,"Daily","No","No","NO","No",46.55291988,-84.31721559,705651.3200000003,5158980.4
,,,"Daily","No","No","NO","No",46.55292584,-84.31472472,705842.2300000004,5158987.5600000005
,,,"Daily","No","No","NO","No",46.55308577,-84.3096416,706231.2599999998,5159018.609999999
,,,"Daily","No","No","NO","No",46.54773919,-84.30926142,706280.6699999999,5158425.539999999
,,,"Daily","No","No","NO","No",46.54718034,-84.3115164,706109.9199999999,5158357.550000001
"B.S.",,"New Dome Shelter","Daily","No","Yes","YES","Yes",46.53254339,46.53254339,707247.1500000004,5156768.1899999995
"Pole 12962",,,"Daily","No","No","NO","No",46.53036509,-84.35507627,702833.2200000007,5156376.279999999
"Pole 12960",,,"Daily","No","No","NO","No",46.53031271,-84.35740704,702654.6799999997,5156364.470000001
,,,"Daily","No","No","NO","No",46.53853071,-84.31214463,706094.5099999998,5157394.84
"Pole 00030",,,"Daily","No","No","NO","No",46.52104616,-84.34776423,703428.75,5155359.67
"Hard Wok Café",,,"Daily","No","No","NO","No",46.52091156,-84.34762998,703439.5500000007,5155345.0600000005
"Former Walmart",,,"Daily","No","No","NO","No",46.51401128,-84.34223837,703878.9000000004,5154592.279999999
"Galaxy Cinema",,,"Daily","No","No","NO","No",46.51160846,-84.33985152,704070.9900000002,5154331.470000001
"Across from Sherbourne St.",,,"Daily","No","No","NO","No",46.52930895,-84.35160543,703103.3200000003,5156267.859999999
"Civic # 367",,,"Daily","No","No","NO","No",46.53401684,-84.31807619,705656.7699999996,5156877.82
"Civic # 370",,,"Daily","No","No","NO","No",46.53418071,-84.3178948,705670.0600000005,5156896.5
"Water Tower",,,"Daily","No","No","NO","No",46.53836917,-84.31709865,705715.2799999993,5157363.960000001
"Pole 6261",,,"Daily","No","No","NO","No",46.52787603,-84.31612799,705829.3699999992,5156200.59
"North 82",,,"Daily","No","No","NO","No",46.52785452,-84.31868577,705633.3000000007,5156191.529999999
,,"New Dome Shelter","Daily","Yes","Yes","NO","Yes",46.53396334,-84.31090691,706206.7100000009,5156890.59
"1st Pole east of Aurora's Hillside",,,"Daily","No","No","NO","No",46.53873462,-84.31208592,706098.2400000002,5157417.65
"Ashley HomeStore",,,"Evenings/Weekends","No","No","NO","No",46.5339842,-84.33014945,704731.1199999992,5156842.789999999